,sample_nr,type,ct,mk,ok
0,001-275,DATA_0,D:\Kozmin\jadrakostnienia2024\jadrakostnienia2024\001-275\done\origdata - Cropped.rdata,D:\Kozmin\jadrakostnienia2024\jadrakostnienia2024\001-275\done\voxelizedSurfaces.rdata,True
1,001-275,DATA_1,D:\Kozmin\jadrakostnienia2024\jadrakostnienia2024\001-275\done\orig-bones - Cropped.rdata,D:\Kozmin\jadrakostnienia2024\jadrakostnienia2024\001-275\done\voxelizedSurfaces.rdata,True
2,002M 25+5,DATA_0,D:\Kozmin\jadrakostnienia2024\jadrakostnienia2024\002M 25+5\done\002M-25+5 _CT - Cropped.rdata,D:\Kozmin\jadrakostnienia2024\jadrakostnienia2024\002M 25+5\done\voxelizedSurfaces.rdata,True
3,002M 25+5,DATA_1,D:\Kozmin\jadrakostnienia2024\jadrakostnienia2024\002M 25+5\done\002M-25+5 _CT - Cropped_1.rdata,D:\Kozmin\jadrakostnienia2024\jadrakostnienia2024\002M 25+5\done\voxelizedSurfaces.rdata,True
4,003F 23+6,DATA_0,D:\Kozmin\jadrakostnienia2024\jadrakostnienia2024\003F 23+6\done\003F23+6_CT - Cropped.rdata,D:\Kozmin\jadrakostnienia2024\jadrakostnienia2024\003F 23+6\done\voxelizedSurfaces.rdata,True
5,003F 23+6,DATA_1,D:\Kozmin\jadrakostnienia2024\jadrakostnienia2024\003F 23+6\done\003F23+6_CT - Cropped_1.rdata,D:\Kozmin\jadrakostnienia2024\jadrakostnienia2024\003F 23+6\done\voxelizedSurfaces.rdata,True
6,004F 29+0,DATA_0,D:\Kozmin\jadrakostnienia2024\jadrakostnienia2024\004F 29+0\done\004F29+0_CT - Cropped.rdata,D:\Kozmin\jadrakostnienia2024\jadrakostnienia2024\004F 29+0\done\voxelizedSurfaces.rdata,True
7,004F 29+0,DATA_1,D:\Kozmin\jadrakostnienia2024\jadrakostnienia2024\004F 29+0\done\004F29+0_CT - Cropped_1.rdata,D:\Kozmin\jadrakostnienia2024\jadrakostnienia2024\004F 29+0\done\voxelizedSurfaces.rdata,True
8,005F 21+6,DATA_0,D:\Kozmin\jadrakostnienia2024\jadrakostnienia2024\005F 21+6\done\005F21+6_CT - Cropped.rdata,D:\Kozmin\jadrakostnienia2024\jadrakostnienia2024\005F 21+6\done\voxelizedSurfaces.rdata,True
9,005F 21+6,DATA_1,D:\Kozmin\jadrakostnienia2024\jadrakostnienia2024\005F 21+6\done\005F21+6_CT - Cropped_1.rdata,D:\Kozmin\jadrakostnienia2024\jadrakostnienia2024\005F 21+6\done\voxelizedSurfaces.rdata,True
10,006-293,DATA_0,D:\Kozmin\jadrakostnienia2024\jadrakostnienia2024\006-293\done\006-293 _CT - Cropped_1.rdata,D:\Kozmin\jadrakostnienia2024\jadrakostnienia2024\006-293\done\voxelizedSurfaces.rdata,True
11,006-293,DATA_1,D:\Kozmin\jadrakostnienia2024\jadrakostnienia2024\006-293\done\006-293 _CT - Cropped.rdata,D:\Kozmin\jadrakostnienia2024\jadrakostnienia2024\006-293\done\voxelizedSurfaces.rdata,True
12,007-275,DATA_0,D:\Kozmin\jadrakostnienia2024\jadrakostnienia2024\007-275\done\007-275 _CT - Cropped_1.rdata,D:\Kozmin\jadrakostnienia2024\jadrakostnienia2024\007-275\done\voxelizedSurfaces.rdata,True
13,007-275,DATA_1,D:\Kozmin\jadrakostnienia2024\jadrakostnienia2024\007-275\done\007-275 _CT - Cropped.rdata,D:\Kozmin\jadrakostnienia2024\jadrakostnienia2024\007-275\done\voxelizedSurfaces.rdata,True
14,008-290,DATA_0,D:\Kozmin\jadrakostnienia2024\jadrakostnienia2024\008-290\done\008-290 _CT - Cropped_1.rdata,D:\Kozmin\jadrakostnienia2024\jadrakostnienia2024\008-290\done\voxelizedSurfaces.rdata,True
15,008-290,DATA_1,D:\Kozmin\jadrakostnienia2024\jadrakostnienia2024\008-290\done\008-290 _CT - Cropped.rdata,D:\Kozmin\jadrakostnienia2024\jadrakostnienia2024\008-290\done\voxelizedSurfaces.rdata,True
16,009F 29+6,DATA_0,D:\Kozmin\jadrakostnienia2024\jadrakostnienia2024\009F 29+6\done\009F29+6_CT - Cropped.rdata,D:\Kozmin\jadrakostnienia2024\jadrakostnienia2024\009F 29+6\done\voxelizedSurfaces.rdata,True
17,009F 29+6,DATA_1,D:\Kozmin\jadrakostnienia2024\jadrakostnienia2024\009F 29+6\done\009F29+6_CT - Cropped_1.rdata,D:\Kozmin\jadrakostnienia2024\jadrakostnienia2024\009F 29+6\done\voxelizedSurfaces.rdata,True
18,010F 24+1,DATA_0,D:\Kozmin\jadrakostnienia2024\jadrakostnienia2024\010F 24+1\done\010F24+1_CT - Cropped.rdata,D:\Kozmin\jadrakostnienia2024\jadrakostnienia2024\010F 24+1\done\voxelizedSurfaces.rdata,True
19,010F 24+1,DATA_1,D:\Kozmin\jadrakostnienia2024\jadrakostnienia2024\010F 24+1\done\010F24+1_CT - Cropped_1.rdata,D:\Kozmin\jadrakostnienia2024\jadrakostnienia2024\010F 24+1\done\voxelizedSurfaces.rdata,True
20,011-200,DATA_0,D:\Kozmin\jadrakostnienia2024\jadrakostnienia2024\011-200\tyylko crop\011-200 _CT - Cropped.rdata,D:\Kozmin\jadrakostnienia2024\jadrakostnienia2024\011-200\done\voxelizedSurfaces.rdata,False
21,011-200,DATA_1,D:\Kozmin\jadrakostnienia2024\jadrakostnienia2024\011-200\tyylko crop\011-200 _CT - Cropped_1.rdata,D:\Kozmin\jadrakostnienia2024\jadrakostnienia2024\011-200\done\voxelizedSurfaces.rdata,False
22,013-290,DATA_0,D:\Kozmin\jadrakostnienia2024\jadrakostnienia2024\013-290\done\013-290 _CT - Cropped.rdata,D:\Kozmin\jadrakostnienia2024\jadrakostnienia2024\013-290\done\voxelizedSurfaces.rdata,True
23,013-290,DATA_1,D:\Kozmin\jadrakostnienia2024\jadrakostnienia2024\013-290\done\013-290 _CT - Cropped_1.rdata,D:\Kozmin\jadrakostnienia2024\jadrakostnienia2024\013-290\done\voxelizedSurfaces.rdata,True
24,014M 23+3,DATA_0,D:\Kozmin\jadrakostnienia2024\jadrakostnienia2024\014M 23+3\done\014M23+3_CT - Cropped.rdata,D:\Kozmin\jadrakostnienia2024\jadrakostnienia2024\014M 23+3\done\voxelizedSurfaces.rdata,True
25,014M 23+3,DATA_1,D:\Kozmin\jadrakostnienia2024\jadrakostnienia2024\014M 23+3\done\014M23+3_CT - Cropped_1.rdata,D:\Kozmin\jadrakostnienia2024\jadrakostnienia2024\014M 23+3\done\voxelizedSurfaces.rdata,True
26,015F 27+5,DATA_0,D:\Kozmin\jadrakostnienia2024\jadrakostnienia2024\015F 27+5\done\015F-27+5 _CT - Cropped.rdata,D:\Kozmin\jadrakostnienia2024\jadrakostnienia2024\015F 27+5\done\voxelizedSurfaces.rdata,True
27,015F 27+5,DATA_1,D:\Kozmin\jadrakostnienia2024\jadrakostnienia2024\015F 27+5\done\015F-27+5 _CT - Cropped_1.rdata,D:\Kozmin\jadrakostnienia2024\jadrakostnienia2024\015F 27+5\done\voxelizedSurfaces.rdata,True
28,016-250,DATA_0,D:\Kozmin\jadrakostnienia2024\jadrakostnienia2024\016-250\done\016-250 _CT - Cropped.rdata,D:\Kozmin\jadrakostnienia2024\jadrakostnienia2024\016-250\done\voxelizedSurfaces.rdata,True
29,016-250,DATA_1,D:\Kozmin\jadrakostnienia2024\jadrakostnienia2024\016-250\done\016-250 _CT - Cropped_1.rdata,D:\Kozmin\jadrakostnienia2024\jadrakostnienia2024\016-250\done\voxelizedSurfaces.rdata,True
30,017M 29+6,DATA_0,D:\Kozmin\jadrakostnienia2024\jadrakostnienia2024\017M 29+6\done\017M-29+6 _CT - Cropped_1.rdata,D:\Kozmin\jadrakostnienia2024\jadrakostnienia2024\017M 29+6\done\voxelizedSurfaces.rdata,True
31,017M 29+6,DATA_1,D:\Kozmin\jadrakostnienia2024\jadrakostnienia2024\017M 29+6\done\017M-29+6 _CT - Cropped.rdata,D:\Kozmin\jadrakostnienia2024\jadrakostnienia2024\017M 29+6\done\voxelizedSurfaces.rdata,True
32,018F 25+0,DATA_0,D:\Kozmin\jadrakostnienia2024\jadrakostnienia2024\018F 25+0\done\018F25+0_CT - Cropped.rdata,D:\Kozmin\jadrakostnienia2024\jadrakostnienia2024\018F 25+0\done\voxelizedSurfaces.rdata,False
33,018F 25+0,DATA_1,D:\Kozmin\jadrakostnienia2024\jadrakostnienia2024\018F 25+0\done\018F25+0_CT - Cropped_1.rdata,D:\Kozmin\jadrakostnienia2024\jadrakostnienia2024\018F 25+0\done\voxelizedSurfaces.rdata,False
34,019F 20+6,DATA_0,D:\Kozmin\jadrakostnienia2024\jadrakostnienia2024\019F 20+6\done\019F20+6_CT - Cropped.rdata,D:\Kozmin\jadrakostnienia2024\jadrakostnienia2024\019F 20+6\done\voxelizedSurfaces.rdata,True
35,019F 20+6,DATA_1,D:\Kozmin\jadrakostnienia2024\jadrakostnienia2024\019F 20+6\done\019F20+6_CT - Cropped_1.rdata,D:\Kozmin\jadrakostnienia2024\jadrakostnienia2024\019F 20+6\done\voxelizedSurfaces.rdata,True
36,020M 27+5,DATA_0,D:\Kozmin\jadrakostnienia2024\jadrakostnienia2024\020M 27+5\done\020M27+5_CT - Cropped.rdata,D:\Kozmin\jadrakostnienia2024\jadrakostnienia2024\020M 27+5\done\voxelizedSurfaces.rdata,True
37,020M 27+5,DATA_1,D:\Kozmin\jadrakostnienia2024\jadrakostnienia2024\020M 27+5\done\020M27+5_CT - Cropped_1.rdata,D:\Kozmin\jadrakostnienia2024\jadrakostnienia2024\020M 27+5\done\voxelizedSurfaces.rdata,True
38,021-236,DATA_0,D:\Kozmin\jadrakostnienia2024\jadrakostnienia2024\021-236\done\021-236 _CT - Cropped.rdata,D:\Kozmin\jadrakostnienia2024\jadrakostnienia2024\021-236\done\voxelizedSurfaces.rdata,True
39,021-236,DATA_1,D:\Kozmin\jadrakostnienia2024\jadrakostnienia2024\021-236\done\021-236 _CT - Cropped_1.rdata,D:\Kozmin\jadrakostnienia2024\jadrakostnienia2024\021-236\done\voxelizedSurfaces.rdata,True
40,022-244,DATA_0,D:\Kozmin\jadrakostnienia2024\jadrakostnienia2024\022-244\done\022-244 _CT - Cropped.rdata,D:\Kozmin\jadrakostnienia2024\jadrakostnienia2024\022-244\done\voxelizedSurfaces.rdata,True
41,022-244,DATA_1,D:\Kozmin\jadrakostnienia2024\jadrakostnienia2024\022-244\done\022-244 _CT - Cropped_1.rdata,D:\Kozmin\jadrakostnienia2024\jadrakostnienia2024\022-244\done\voxelizedSurfaces.rdata,True
42,023M 25+0,DATA_0,D:\Kozmin\jadrakostnienia2024\jadrakostnienia2024\023M 25+0\done\023M25+0_CT - Cropped_1.rdata,D:\Kozmin\jadrakostnienia2024\jadrakostnienia2024\023M 25+0\done\voxelizedSurfaces.rdata,True
43,023M 25+0,DATA_1,D:\Kozmin\jadrakostnienia2024\jadrakostnienia2024\023M 25+0\done\023M25+0_CT - Cropped.rdata,D:\Kozmin\jadrakostnienia2024\jadrakostnienia2024\023M 25+0\done\voxelizedSurfaces.rdata,True
44,024M 22+2,DATA_0,D:\Kozmin\jadrakostnienia2024\jadrakostnienia2024\024M 22+2\done\024M22+2_CT - Cropped.rdata,D:\Kozmin\jadrakostnienia2024\jadrakostnienia2024\024M 22+2\done\voxelizedSurfaces.rdata,True
45,024M 22+2,DATA_1,D:\Kozmin\jadrakostnienia2024\jadrakostnienia2024\024M 22+2\done\024M22+2_CT - Cropped_1.rdata,D:\Kozmin\jadrakostnienia2024\jadrakostnienia2024\024M 22+2\done\voxelizedSurfaces.rdata,True
46,025M 22+5,DATA_0,D:\Kozmin\jadrakostnienia2024\jadrakostnienia2024\025M 22+5\done\025M22+5_CT - Cropped.rdata,D:\Kozmin\jadrakostnienia2024\jadrakostnienia2024\025M 22+5\done\voxelizedSurfaces.rdata,True
47,025M 22+5,DATA_1,D:\Kozmin\jadrakostnienia2024\jadrakostnienia2024\025M 22+5\done\025M22+5_CT - Cropped_1.rdata,D:\Kozmin\jadrakostnienia2024\jadrakostnienia2024\025M 22+5\done\voxelizedSurfaces.rdata,True
48,026F 19+2,DATA_0,D:\Kozmin\jadrakostnienia2024\jadrakostnienia2024\026F 19+2\done\026F19+2_CT - Cropped_1.rdata,D:\Kozmin\jadrakostnienia2024\jadrakostnienia2024\026F 19+2\done\voxelizedSurfaces.rdata,True
49,026F 19+2,DATA_1,D:\Kozmin\jadrakostnienia2024\jadrakostnienia2024\026F 19+2\done\026F19+2_CT - Cropped.rdata,D:\Kozmin\jadrakostnienia2024\jadrakostnienia2024\026F 19+2\done\voxelizedSurfaces.rdata,True
50,027-284,DATA_0,D:\Kozmin\jadrakostnienia2024\jadrakostnienia2024\027-284\done\027-284 _CT - Cropped_1.rdata,D:\Kozmin\jadrakostnienia2024\jadrakostnienia2024\027-284\done\voxelizedSurfaces.rdata,True
51,027-284,DATA_1,D:\Kozmin\jadrakostnienia2024\jadrakostnienia2024\027-284\done\027-284 _CT - Cropped.rdata,D:\Kozmin\jadrakostnienia2024\jadrakostnienia2024\027-284\done\voxelizedSurfaces.rdata,True
52,029F 28+1,DATA_0,D:\Kozmin\jadrakostnienia2024\jadrakostnienia2024\029F 28+1\done\029F28+1_CT - Cropped_1.rdata,D:\Kozmin\jadrakostnienia2024\jadrakostnienia2024\029F 28+1\done\voxelizedSurfaces.rdata,True
53,029F 28+1,DATA_1,D:\Kozmin\jadrakostnienia2024\jadrakostnienia2024\029F 28+1\done\029F28+1_CT - Cropped.rdata,D:\Kozmin\jadrakostnienia2024\jadrakostnienia2024\029F 28+1\done\voxelizedSurfaces.rdata,True
54,030F 27+2,DATA_0,D:\Kozmin\jadrakostnienia2024\jadrakostnienia2024\030F 27+2\done\030F27+2_CT - Cropped.rdata,D:\Kozmin\jadrakostnienia2024\jadrakostnienia2024\030F 27+2\done\voxelizedSurfaces.rdata,True
55,030F 27+2,DATA_1,D:\Kozmin\jadrakostnienia2024\jadrakostnienia2024\030F 27+2\done\030F27+2_CT - Cropped_1.rdata,D:\Kozmin\jadrakostnienia2024\jadrakostnienia2024\030F 27+2\done\voxelizedSurfaces.rdata,True
56,031-255,DATA_0,D:\Kozmin\jadrakostnienia2024\jadrakostnienia2024\031-255\done\031-255 _CT - Cropped.rdata,D:\Kozmin\jadrakostnienia2024\jadrakostnienia2024\031-255\done\voxelizedSurfaces.rdata,True
57,031-255,DATA_1,D:\Kozmin\jadrakostnienia2024\jadrakostnienia2024\031-255\done\031-255 _CT - Cropped_1.rdata,D:\Kozmin\jadrakostnienia2024\jadrakostnienia2024\031-255\done\voxelizedSurfaces.rdata,True
58,032M 25+5,DATA_0,D:\Kozmin\jadrakostnienia2024\jadrakostnienia2024\032M 25+5\done\032M25+5_CT - Cropped_1.rdata,D:\Kozmin\jadrakostnienia2024\jadrakostnienia2024\032M 25+5\done\voxelizedSurfaces.rdata,False
59,032M 25+5,DATA_1,D:\Kozmin\jadrakostnienia2024\jadrakostnienia2024\032M 25+5\done\032M25+5_CT - Cropped.rdata,D:\Kozmin\jadrakostnienia2024\jadrakostnienia2024\032M 25+5\done\voxelizedSurfaces.rdata,False
60,033-171,DATA_0,D:\Kozmin\jadrakostnienia2024\jadrakostnienia2024\033-171\done\033-171 _CT - Cropped.rdata,D:\Kozmin\jadrakostnienia2024\jadrakostnienia2024\033-171\done\voxelizedSurfaces.rdata,True
61,033-171,DATA_1,D:\Kozmin\jadrakostnienia2024\jadrakostnienia2024\033-171\done\033-171 _CT - Cropped_1.rdata,D:\Kozmin\jadrakostnienia2024\jadrakostnienia2024\033-171\done\voxelizedSurfaces.rdata,True
62,034-322,DATA_0,D:\Kozmin\jadrakostnienia2024\jadrakostnienia2024\034-322\done-punkt\034-322 _CT - Cropped_1.rdata,D:\Kozmin\jadrakostnienia2024\jadrakostnienia2024\034-322\done\voxelizedSurfaces.rdata,False
63,034-322,DATA_1,D:\Kozmin\jadrakostnienia2024\jadrakostnienia2024\034-322\done-punkt\034-322 _CT - Cropped.rdata,D:\Kozmin\jadrakostnienia2024\jadrakostnienia2024\034-322\done\voxelizedSurfaces.rdata,False
64,035M 25+0,DATA_0,D:\Kozmin\jadrakostnienia2024\jadrakostnienia2024\035M 25+0\done\035M-25+0 _CT - Cropped.rdata,D:\Kozmin\jadrakostnienia2024\jadrakostnienia2024\035M 25+0\done\voxelizedSurfaces.rdata,True
65,035M 25+0,DATA_1,D:\Kozmin\jadrakostnienia2024\jadrakostnienia2024\035M 25+0\done\035M-25+0 _CT - Cropped_1.rdata,D:\Kozmin\jadrakostnienia2024\jadrakostnienia2024\035M 25+0\done\voxelizedSurfaces.rdata,True
66,036-272,DATA_0,D:\Kozmin\jadrakostnienia2024\jadrakostnienia2024\036-272\done\036-272 _CT - Cropped.rdata,D:\Kozmin\jadrakostnienia2024\jadrakostnienia2024\036-272\done\voxelizedSurfaces.rdata,True
67,036-272,DATA_1,D:\Kozmin\jadrakostnienia2024\jadrakostnienia2024\036-272\done\036-272 _CT - Cropped_1.rdata,D:\Kozmin\jadrakostnienia2024\jadrakostnienia2024\036-272\done\voxelizedSurfaces.rdata,True
68,037-184,DATA_0,D:\Kozmin\jadrakostnienia2024\jadrakostnienia2024\037-184\done\037-184 _CT - Cropped.rdata,D:\Kozmin\jadrakostnienia2024\jadrakostnienia2024\037-184\done\voxelizedSurfaces.rdata,True
69,037-184,DATA_1,D:\Kozmin\jadrakostnienia2024\jadrakostnienia2024\037-184\done\037-184 _CT - Cropped_1.rdata,D:\Kozmin\jadrakostnienia2024\jadrakostnienia2024\037-184\done\voxelizedSurfaces.rdata,True
70,038-200,DATA_0,D:\Kozmin\jadrakostnienia2024\jadrakostnienia2024\038-200\done\038-200 _CT - Cropped.rdata,D:\Kozmin\jadrakostnienia2024\jadrakostnienia2024\038-200\done\voxelizedSurfaces.rdata,True
71,038-200,DATA_1,D:\Kozmin\jadrakostnienia2024\jadrakostnienia2024\038-200\done\038-200 _CT - Cropped_1.rdata,D:\Kozmin\jadrakostnienia2024\jadrakostnienia2024\038-200\done\voxelizedSurfaces.rdata,True
72,039-233,DATA_0,D:\Kozmin\jadrakostnienia2024\jadrakostnienia2024\039-233\done\039-233 _CT - Cropped.rdata,D:\Kozmin\jadrakostnienia2024\jadrakostnienia2024\039-233\done\voxelizedSurfaces.rdata,True
73,039-233,DATA_1,D:\Kozmin\jadrakostnienia2024\jadrakostnienia2024\039-233\done\039-233 _CT - Cropped_1.rdata,D:\Kozmin\jadrakostnienia2024\jadrakostnienia2024\039-233\done\voxelizedSurfaces.rdata,True
74,040-302,DATA_0,D:\Kozmin\jadrakostnienia2024\jadrakostnienia2024\040-302\done\040-302 _CT - Cropped_1.rdata,D:\Kozmin\jadrakostnienia2024\jadrakostnienia2024\040-302\done\voxelizedSurfaces.rdata,True
75,040-302,DATA_1,D:\Kozmin\jadrakostnienia2024\jadrakostnienia2024\040-302\done\040-302 _CT - Cropped.rdata,D:\Kozmin\jadrakostnienia2024\jadrakostnienia2024\040-302\done\voxelizedSurfaces.rdata,True
76,041-225,DATA_0,D:\Kozmin\jadrakostnienia2024\jadrakostnienia2024\041-225\done\041-225 _CT - Cropped.rdata,D:\Kozmin\jadrakostnienia2024\jadrakostnienia2024\041-225\done\voxelizedSurfaces.rdata,True
77,041-225,DATA_1,D:\Kozmin\jadrakostnienia2024\jadrakostnienia2024\041-225\done\041-225 _CT - Cropped_1.rdata,D:\Kozmin\jadrakostnienia2024\jadrakostnienia2024\041-225\done\voxelizedSurfaces.rdata,True
78,042M 20+0,DATA_0,D:\Kozmin\jadrakostnienia2024\jadrakostnienia2024\042M 20+0\done\042M-20+0 _CT - Cropped_1.rdata,D:\Kozmin\jadrakostnienia2024\jadrakostnienia2024\042M 20+0\done\voxelizedSurfaces.rdata,True
79,042M 20+0,DATA_1,D:\Kozmin\jadrakostnienia2024\jadrakostnienia2024\042M 20+0\done\042M-20+0 _CT - Cropped.rdata,D:\Kozmin\jadrakostnienia2024\jadrakostnienia2024\042M 20+0\done\voxelizedSurfaces.rdata,True
80,043-250,DATA_0,D:\Kozmin\jadrakostnienia2024\jadrakostnienia2024\043-250\done\043-250 _CT - Cropped.rdata,D:\Kozmin\jadrakostnienia2024\jadrakostnienia2024\043-250\done\voxelizedSurfaces.rdata,True
81,043-250,DATA_1,D:\Kozmin\jadrakostnienia2024\jadrakostnienia2024\043-250\done\043-250 _CT - Cropped_1.rdata,D:\Kozmin\jadrakostnienia2024\jadrakostnienia2024\043-250\done\voxelizedSurfaces.rdata,True
82,044M 23+6,DATA_0,D:\Kozmin\jadrakostnienia2024\jadrakostnienia2024\044M 23+6\done\044M23+6_CT - Cropped.rdata,D:\Kozmin\jadrakostnienia2024\jadrakostnienia2024\044M 23+6\done\voxelizedSurfaces.rdata,True
83,044M 23+6,DATA_1,D:\Kozmin\jadrakostnienia2024\jadrakostnienia2024\044M 23+6\done\044M23+6_CT - Cropped_1.rdata,D:\Kozmin\jadrakostnienia2024\jadrakostnienia2024\044M 23+6\done\voxelizedSurfaces.rdata,True
84,045F 25+5,DATA_0,D:\Kozmin\jadrakostnienia2024\jadrakostnienia2024\045F 25+5\done\045F-25+5 _CT - Cropped.rdata,D:\Kozmin\jadrakostnienia2024\jadrakostnienia2024\045F 25+5\done\voxelizedSurfaces.rdata,True
85,045F 25+5,DATA_1,D:\Kozmin\jadrakostnienia2024\jadrakostnienia2024\045F 25+5\done\045F-25+5 _CT - Cropped_1.rdata,D:\Kozmin\jadrakostnienia2024\jadrakostnienia2024\045F 25+5\done\voxelizedSurfaces.rdata,True
86,046M 25+0,DATA_0,D:\Kozmin\jadrakostnienia2024\jadrakostnienia2024\046M 25+0\done\046M25+0_CT - Cropped.rdata,D:\Kozmin\jadrakostnienia2024\jadrakostnienia2024\046M 25+0\done\voxelizedSurfaces.rdata,True
87,046M 25+0,DATA_1,D:\Kozmin\jadrakostnienia2024\jadrakostnienia2024\046M 25+0\done\046M25+0_CT - Cropped_1.rdata,D:\Kozmin\jadrakostnienia2024\jadrakostnienia2024\046M 25+0\done\voxelizedSurfaces.rdata,True
88,047-275,DATA_0,D:\Kozmin\jadrakostnienia2024\jadrakostnienia2024\047-275\done\047-275 _CT - Cropped.rdata,D:\Kozmin\jadrakostnienia2024\jadrakostnienia2024\047-275\done\voxelizedSurfaces.rdata,True
89,047-275,DATA_1,D:\Kozmin\jadrakostnienia2024\jadrakostnienia2024\047-275\done\047-275 _CT - Cropped_1.rdata,D:\Kozmin\jadrakostnienia2024\jadrakostnienia2024\047-275\done\voxelizedSurfaces.rdata,True
90,048M 21+4,DATA_0,D:\Kozmin\jadrakostnienia2024\jadrakostnienia2024\048M 21+4\done\048M21+4_CT - Cropped.rdata,D:\Kozmin\jadrakostnienia2024\jadrakostnienia2024\048M 21+4\done\voxelizedSurfaces.rdata,True
91,048M 21+4,DATA_1,D:\Kozmin\jadrakostnienia2024\jadrakostnienia2024\048M 21+4\done\048M21+4_CT - Cropped_1.rdata,D:\Kozmin\jadrakostnienia2024\jadrakostnienia2024\048M 21+4\done\voxelizedSurfaces.rdata,True
92,049M 25+0,DATA_0,D:\Kozmin\jadrakostnienia2024\jadrakostnienia2024\049M 25+0\done\049M25+0_CT - Cropped.rdata,D:\Kozmin\jadrakostnienia2024\jadrakostnienia2024\049M 25+0\done\voxelizedSurfaces.rdata,True
93,049M 25+0,DATA_1,D:\Kozmin\jadrakostnienia2024\jadrakostnienia2024\049M 25+0\done\049M25+0_CT - Cropped_1.rdata,D:\Kozmin\jadrakostnienia2024\jadrakostnienia2024\049M 25+0\done\voxelizedSurfaces.rdata,True
94,050-250,DATA_0,D:\Kozmin\jadrakostnienia2024\jadrakostnienia2024\050-250\done\050-250 _CT - Cropped.rdata,D:\Kozmin\jadrakostnienia2024\jadrakostnienia2024\050-250\done\voxelizedSurfaces.rdata,True
95,050-250,DATA_1,D:\Kozmin\jadrakostnienia2024\jadrakostnienia2024\050-250\done\050-250 _CT - Cropped_1.rdata,D:\Kozmin\jadrakostnienia2024\jadrakostnienia2024\050-250\done\voxelizedSurfaces.rdata,True
96,051-290,DATA_0,D:\Kozmin\jadrakostnienia2024\jadrakostnienia2024\051-290\done\051-290 _CT - Cropped.rdata,D:\Kozmin\jadrakostnienia2024\jadrakostnienia2024\051-290\done\voxelizedSurfaces.rdata,False
97,051-290,DATA_1,D:\Kozmin\jadrakostnienia2024\jadrakostnienia2024\051-290\done\051-290 _CT - Cropped_1.rdata,D:\Kozmin\jadrakostnienia2024\jadrakostnienia2024\051-290\done\voxelizedSurfaces.rdata,False
98,052-313,DATA_0,D:\Kozmin\jadrakostnienia2024\jadrakostnienia2024\052-313\done\052-313 _CT - Cropped_1.rdata,D:\Kozmin\jadrakostnienia2024\jadrakostnienia2024\052-313\done\voxelizedSurfaces.rdata,True
99,052-313,DATA_1,D:\Kozmin\jadrakostnienia2024\jadrakostnienia2024\052-313\done\052-313 _CT - Cropped.rdata,D:\Kozmin\jadrakostnienia2024\jadrakostnienia2024\052-313\done\voxelizedSurfaces.rdata,True
100,053-214,DATA_0,D:\Kozmin\jadrakostnienia2024\jadrakostnienia2024\053-214\done\053-214 _CT - Cropped_1.rdata,D:\Kozmin\jadrakostnienia2024\jadrakostnienia2024\053-214\done\voxelizedSurfaces.rdata,True
101,053-214,DATA_1,D:\Kozmin\jadrakostnienia2024\jadrakostnienia2024\053-214\done\053-214 _CT - Cropped.rdata,D:\Kozmin\jadrakostnienia2024\jadrakostnienia2024\053-214\done\voxelizedSurfaces.rdata,True
102,054M 23+5,DATA_0,D:\Kozmin\jadrakostnienia2024\jadrakostnienia2024\054M 23+5\done\054M-23+5 _CT - Cropped.rdata,D:\Kozmin\jadrakostnienia2024\jadrakostnienia2024\054M 23+5\done\voxelizedSurfaces.rdata,True
103,054M 23+5,DATA_1,D:\Kozmin\jadrakostnienia2024\jadrakostnienia2024\054M 23+5\done\054M-23+5 _CT - Cropped_1.rdata,D:\Kozmin\jadrakostnienia2024\jadrakostnienia2024\054M 23+5\done\voxelizedSurfaces.rdata,True
104,055-261,DATA_0,D:\Kozmin\jadrakostnienia2024\jadrakostnienia2024\055-261\done\055-261 _CT - Cropped_1.rdata,D:\Kozmin\jadrakostnienia2024\jadrakostnienia2024\055-261\done\voxelizedSurfaces.rdata,True
105,055-261,DATA_1,D:\Kozmin\jadrakostnienia2024\jadrakostnienia2024\055-261\done\055-261 _CT - Cropped.rdata,D:\Kozmin\jadrakostnienia2024\jadrakostnienia2024\055-261\done\voxelizedSurfaces.rdata,True
106,056-293,DATA_0,D:\Kozmin\jadrakostnienia2024\jadrakostnienia2024\056-293\done\056-293 _CT - Cropped.rdata,D:\Kozmin\jadrakostnienia2024\jadrakostnienia2024\056-293\done\voxelizedSurfaces.rdata,True
107,056-293,DATA_1,D:\Kozmin\jadrakostnienia2024\jadrakostnienia2024\056-293\done\056-293 _CT - Cropped_1.rdata,D:\Kozmin\jadrakostnienia2024\jadrakostnienia2024\056-293\done\voxelizedSurfaces.rdata,True
108,057-302,DATA_0,D:\Kozmin\jadrakostnienia2024\jadrakostnienia2024\057-302\done\057-302 _CT - Cropped_1.rdata,D:\Kozmin\jadrakostnienia2024\jadrakostnienia2024\057-302\done\voxelizedSurfaces.rdata,True
109,057-302,DATA_1,D:\Kozmin\jadrakostnienia2024\jadrakostnienia2024\057-302\done\057-302 _CT - Cropped.rdata,D:\Kozmin\jadrakostnienia2024\jadrakostnienia2024\057-302\done\voxelizedSurfaces.rdata,True
110,058-222,DATA_0,D:\Kozmin\jadrakostnienia2024\jadrakostnienia2024\058-222\done\058-222 _CT - Cropped.rdata,D:\Kozmin\jadrakostnienia2024\jadrakostnienia2024\058-222\done\voxelizedSurfaces.rdata,True
111,058-222,DATA_1,D:\Kozmin\jadrakostnienia2024\jadrakostnienia2024\058-222\done\058-222 _CT - Cropped_1.rdata,D:\Kozmin\jadrakostnienia2024\jadrakostnienia2024\058-222\done\voxelizedSurfaces.rdata,True
112,059M 23+3,DATA_0,D:\Kozmin\jadrakostnienia2024\jadrakostnienia2024\059M 23+3\done\059M23+3_CT - Cropped.rdata,D:\Kozmin\jadrakostnienia2024\jadrakostnienia2024\059M 23+3\done\voxelizedSurfaces.rdata,True
113,059M 23+3,DATA_1,D:\Kozmin\jadrakostnienia2024\jadrakostnienia2024\059M 23+3\done\059M23+3_CT - Cropped_1.rdata,D:\Kozmin\jadrakostnienia2024\jadrakostnienia2024\059M 23+3\done\voxelizedSurfaces.rdata,True
114,060-275,DATA_0,D:\Kozmin\jadrakostnienia2024\jadrakostnienia2024\060-275\done\060-275 _CT - Cropped_1.rdata,D:\Kozmin\jadrakostnienia2024\jadrakostnienia2024\060-275\done\voxelizedSurfaces.rdata,True
115,060-275,DATA_1,D:\Kozmin\jadrakostnienia2024\jadrakostnienia2024\060-275\done\060-275 _CT - Cropped.rdata,D:\Kozmin\jadrakostnienia2024\jadrakostnienia2024\060-275\done\voxelizedSurfaces.rdata,True
116,061-275,DATA_0,D:\Kozmin\jadrakostnienia2024\jadrakostnienia2024\061-275\done\061-275 _CT - Cropped_1.rdata,D:\Kozmin\jadrakostnienia2024\jadrakostnienia2024\061-275\done\voxelizedSurfaces.rdata,True
117,061-275,DATA_1,D:\Kozmin\jadrakostnienia2024\jadrakostnienia2024\061-275\done\061-275 _CT - Cropped.rdata,D:\Kozmin\jadrakostnienia2024\jadrakostnienia2024\061-275\done\voxelizedSurfaces.rdata,True
118,062F 27+5,DATA_0,D:\Kozmin\jadrakostnienia2024\jadrakostnienia2024\062F 27+5\done\062F27+5_CT - Cropped.rdata,D:\Kozmin\jadrakostnienia2024\jadrakostnienia2024\062F 27+5\done\voxelizedSurfaces.rdata,True
119,062F 27+5,DATA_1,D:\Kozmin\jadrakostnienia2024\jadrakostnienia2024\062F 27+5\done\062F27+5_CT - Cropped_1.rdata,D:\Kozmin\jadrakostnienia2024\jadrakostnienia2024\062F 27+5\done\voxelizedSurfaces.rdata,True
120,063-264,DATA_0,D:\Kozmin\jadrakostnienia2024\jadrakostnienia2024\063-264\done\063-264 _CT - Cropped.rdata,D:\Kozmin\jadrakostnienia2024\jadrakostnienia2024\063-264\done\voxelizedSurfaces.rdata,True
121,063-264,DATA_1,D:\Kozmin\jadrakostnienia2024\jadrakostnienia2024\063-264\done\063-264 _CT - Cropped_1.rdata,D:\Kozmin\jadrakostnienia2024\jadrakostnienia2024\063-264\done\voxelizedSurfaces.rdata,True
122,064M 23+3,DATA_0,D:\Kozmin\jadrakostnienia2024\jadrakostnienia2024\064M 23+3\done\064M-23+3 _CT - Cropped.rdata,D:\Kozmin\jadrakostnienia2024\jadrakostnienia2024\064M 23+3\done\voxelizedSurfaces.rdata,True
123,064M 23+3,DATA_1,D:\Kozmin\jadrakostnienia2024\jadrakostnienia2024\064M 23+3\done\064M-23+3 _CT - Cropped_1.rdata,D:\Kozmin\jadrakostnienia2024\jadrakostnienia2024\064M 23+3\done\voxelizedSurfaces.rdata,True
124,065-296,DATA_0,D:\Kozmin\jadrakostnienia2024\jadrakostnienia2024\065-296\done\065-296 _CT - Cropped.rdata,D:\Kozmin\jadrakostnienia2024\jadrakostnienia2024\065-296\done\voxelizedSurfaces.rdata,True
125,065-296,DATA_1,D:\Kozmin\jadrakostnienia2024\jadrakostnienia2024\065-296\done\065-296 _CT - Cropped_1.rdata,D:\Kozmin\jadrakostnienia2024\jadrakostnienia2024\065-296\done\voxelizedSurfaces.rdata,True
126,066-270,DATA_0,D:\Kozmin\jadrakostnienia2024\jadrakostnienia2024\066-270\done\066-270 _CT - Cropped.rdata,D:\Kozmin\jadrakostnienia2024\jadrakostnienia2024\066-270\done\voxelizedSurfaces.rdata,True
127,066-270,DATA_1,D:\Kozmin\jadrakostnienia2024\jadrakostnienia2024\066-270\done\066-270 _CT - Cropped_1.rdata,D:\Kozmin\jadrakostnienia2024\jadrakostnienia2024\066-270\done\voxelizedSurfaces.rdata,True
128,067F 22+5,DATA_0,D:\Kozmin\jadrakostnienia2024\jadrakostnienia2024\067F 22+5\done\067F-22+5 _CT - Cropped_1.rdata,D:\Kozmin\jadrakostnienia2024\jadrakostnienia2024\067F 22+5\done\voxelizedSurfaces.rdata,True
129,067F 22+5,DATA_1,D:\Kozmin\jadrakostnienia2024\jadrakostnienia2024\067F 22+5\done\067F-22+5 _CT - Cropped.rdata,D:\Kozmin\jadrakostnienia2024\jadrakostnienia2024\067F 22+5\done\voxelizedSurfaces.rdata,True
130,068M 22+5,DATA_0,D:\Kozmin\jadrakostnienia2024\jadrakostnienia2024\068M 22+5\done\068M22+5_CT - Cropped.rdata,D:\Kozmin\jadrakostnienia2024\jadrakostnienia2024\068M 22+5\done\voxelizedSurfaces.rdata,True
131,068M 22+5,DATA_1,D:\Kozmin\jadrakostnienia2024\jadrakostnienia2024\068M 22+5\done\068M22+5_CT - Cropped_1.rdata,D:\Kozmin\jadrakostnienia2024\jadrakostnienia2024\068M 22+5\done\voxelizedSurfaces.rdata,True
132,069M 18+5,DATA_0,D:\Kozmin\jadrakostnienia2024\jadrakostnienia2024\069M 18+5\done\069M18+5_CT - Cropped.rdata,D:\Kozmin\jadrakostnienia2024\jadrakostnienia2024\069M 18+5\done\voxelizedSurfaces.rdata,True
133,069M 18+5,DATA_1,D:\Kozmin\jadrakostnienia2024\jadrakostnienia2024\069M 18+5\done\069M18+5_CT - Cropped_1.rdata,D:\Kozmin\jadrakostnienia2024\jadrakostnienia2024\069M 18+5\done\voxelizedSurfaces.rdata,True
134,070M 26+1,DATA_0,D:\Kozmin\jadrakostnienia2024\jadrakostnienia2024\070M 26+1\done\070M-26+1 _CT - Cropped.rdata,D:\Kozmin\jadrakostnienia2024\jadrakostnienia2024\070M 26+1\done\voxelizedSurfaces.rdata,True
135,070M 26+1,DATA_1,D:\Kozmin\jadrakostnienia2024\jadrakostnienia2024\070M 26+1\done\070M-26+1 _CT - Cropped_1.rdata,D:\Kozmin\jadrakostnienia2024\jadrakostnienia2024\070M 26+1\done\voxelizedSurfaces.rdata,True
136,071F 24+2,DATA_0,D:\Kozmin\jadrakostnienia2024\jadrakostnienia2024\071F 24+2\done\071F-24+2 _CT - Cropped.rdata,D:\Kozmin\jadrakostnienia2024\jadrakostnienia2024\071F 24+2\done\voxelizedSurfaces.rdata,True
137,071F 24+2,DATA_1,D:\Kozmin\jadrakostnienia2024\jadrakostnienia2024\071F 24+2\done\071F-24+2 _CT - Cropped_1.rdata,D:\Kozmin\jadrakostnienia2024\jadrakostnienia2024\071F 24+2\done\voxelizedSurfaces.rdata,True
138,072F 27+3,DATA_0,D:\Kozmin\jadrakostnienia2024\jadrakostnienia2024\072F 27+3\done\072F27+3_CT - Cropped.rdata,D:\Kozmin\jadrakostnienia2024\jadrakostnienia2024\072F 27+3\done\voxelizedSurfaces.rdata,True
139,072F 27+3,DATA_1,D:\Kozmin\jadrakostnienia2024\jadrakostnienia2024\072F 27+3\done\072F27+3_CT - Cropped_1.rdata,D:\Kozmin\jadrakostnienia2024\jadrakostnienia2024\072F 27+3\done\voxelizedSurfaces.rdata,True
140,073F 31+4,DATA_0,D:\Kozmin\jadrakostnienia2024\jadrakostnienia2024\073F 31+4\done\073F31+4_CT - Cropped.rdata,D:\Kozmin\jadrakostnienia2024\jadrakostnienia2024\073F 31+4\done\voxelizedSurfaces.rdata,True
141,073F 31+4,DATA_1,D:\Kozmin\jadrakostnienia2024\jadrakostnienia2024\073F 31+4\done\073F31+4_CT - Cropped_1.rdata,D:\Kozmin\jadrakostnienia2024\jadrakostnienia2024\073F 31+4\done\voxelizedSurfaces.rdata,True
142,074-335,DATA_0,D:\Kozmin\jadrakostnienia2024\jadrakostnienia2024\074-335\done\074-335 _CT - Cropped.rdata,D:\Kozmin\jadrakostnienia2024\jadrakostnienia2024\074-335\done\voxelizedSurfaces.rdata,True
143,074-335,DATA_1,D:\Kozmin\jadrakostnienia2024\jadrakostnienia2024\074-335\done\074-335 _CT - Cropped_1.rdata,D:\Kozmin\jadrakostnienia2024\jadrakostnienia2024\074-335\done\voxelizedSurfaces.rdata,True
144,075-261,DATA_0,D:\Kozmin\jadrakostnienia2024\jadrakostnienia2024\075-261\done\075-261 _CT - Cropped.rdata,D:\Kozmin\jadrakostnienia2024\jadrakostnienia2024\075-261\done\voxelizedSurfaces.rdata,True
145,075-261,DATA_1,D:\Kozmin\jadrakostnienia2024\jadrakostnienia2024\075-261\done\075-261 _CT - Cropped_1.rdata,D:\Kozmin\jadrakostnienia2024\jadrakostnienia2024\075-261\done\voxelizedSurfaces.rdata,True
146,076-225,DATA_0,D:\Kozmin\jadrakostnienia2024\jadrakostnienia2024\076-225\done\076-225 _CT - Cropped_1.rdata,D:\Kozmin\jadrakostnienia2024\jadrakostnienia2024\076-225\done\voxelizedSurfaces.rdata,True
147,076-225,DATA_1,D:\Kozmin\jadrakostnienia2024\jadrakostnienia2024\076-225\done\076-225 _CT - Cropped.rdata,D:\Kozmin\jadrakostnienia2024\jadrakostnienia2024\076-225\done\voxelizedSurfaces.rdata,True
148,077-256,DATA_0,D:\Kozmin\jadrakostnienia2024\jadrakostnienia2024\077-256\done\077-256 _CT - Cropped_1.rdata,D:\Kozmin\jadrakostnienia2024\jadrakostnienia2024\077-256\done\voxelizedSurfaces.rdata,True
149,077-256,DATA_1,D:\Kozmin\jadrakostnienia2024\jadrakostnienia2024\077-256\done\077-256 _CT - Cropped.rdata,D:\Kozmin\jadrakostnienia2024\jadrakostnienia2024\077-256\done\voxelizedSurfaces.rdata,True
150,078-253,DATA_0,D:\Kozmin\jadrakostnienia2024\jadrakostnienia2024\078-253\done\078-253 _CT - Cropped.rdata,D:\Kozmin\jadrakostnienia2024\jadrakostnienia2024\078-253\done\voxelizedSurfaces.rdata,True
151,078-253,DATA_1,D:\Kozmin\jadrakostnienia2024\jadrakostnienia2024\078-253\done\078-253 _CT - Cropped_1.rdata,D:\Kozmin\jadrakostnienia2024\jadrakostnienia2024\078-253\done\voxelizedSurfaces.rdata,True
152,079M 19+5,DATA_0,D:\Kozmin\jadrakostnienia2024\jadrakostnienia2024\079M 19+5\done\079M-19+5 _CT - Cropped.rdata,D:\Kozmin\jadrakostnienia2024\jadrakostnienia2024\079M 19+5\done\voxelizedSurfaces.rdata,True
153,079M 19+5,DATA_1,D:\Kozmin\jadrakostnienia2024\jadrakostnienia2024\079M 19+5\done\079M-19+5 _CT - Cropped_1.rdata,D:\Kozmin\jadrakostnienia2024\jadrakostnienia2024\079M 19+5\done\voxelizedSurfaces.rdata,True
154,080-296,DATA_0,D:\Kozmin\jadrakostnienia2024\jadrakostnienia2024\080-296\done\080-296 _CT - Cropped.rdata,D:\Kozmin\jadrakostnienia2024\jadrakostnienia2024\080-296\done\voxelizedSurfaces.rdata,True
155,080-296,DATA_1,D:\Kozmin\jadrakostnienia2024\jadrakostnienia2024\080-296\done\080-296 _CT - Cropped_1.rdata,D:\Kozmin\jadrakostnienia2024\jadrakostnienia2024\080-296\done\voxelizedSurfaces.rdata,True
156,084-273,DATA_0,D:\Kozmin\jadrakostnienia2024\jadrakostnienia2024\084-273\done\084-273 _CT - Cropped_1.rdata,D:\Kozmin\jadrakostnienia2024\jadrakostnienia2024\084-273\done\voxelizedSurfaces.rdata,True
157,084-273,DATA_1,D:\Kozmin\jadrakostnienia2024\jadrakostnienia2024\084-273\done\084-273 _CT - Cropped.rdata,D:\Kozmin\jadrakostnienia2024\jadrakostnienia2024\084-273\done\voxelizedSurfaces.rdata,True
158,085F 25+3,DATA_0,D:\Kozmin\jadrakostnienia2024\jadrakostnienia2024\085F 25+3\done\085F25+3_CT - Cropped.rdata,D:\Kozmin\jadrakostnienia2024\jadrakostnienia2024\085F 25+3\done\voxelizedSurfaces.rdata,True
159,085F 25+3,DATA_1,D:\Kozmin\jadrakostnienia2024\jadrakostnienia2024\085F 25+3\done\085F25+3_CT - Cropped_1.rdata,D:\Kozmin\jadrakostnienia2024\jadrakostnienia2024\085F 25+3\done\voxelizedSurfaces.rdata,True
160,086-256,DATA_0,D:\Kozmin\jadrakostnienia2024\jadrakostnienia2024\086-256\done\086-256 _CT - Cropped.rdata,D:\Kozmin\jadrakostnienia2024\jadrakostnienia2024\086-256\done\voxelizedSurfaces.rdata,True
161,086-256,DATA_1,D:\Kozmin\jadrakostnienia2024\jadrakostnienia2024\086-256\done\086-256 _CT - Cropped_1.rdata,D:\Kozmin\jadrakostnienia2024\jadrakostnienia2024\086-256\done\voxelizedSurfaces.rdata,True
162,087-236,DATA_0,D:\Kozmin\jadrakostnienia2024\jadrakostnienia2024\087-236\done\087-236 _CT - Cropped.rdata,D:\Kozmin\jadrakostnienia2024\jadrakostnienia2024\087-236\done\voxelizedSurfaces.rdata,True
163,087-236,DATA_1,D:\Kozmin\jadrakostnienia2024\jadrakostnienia2024\087-236\done\087-236 _CT - Cropped_1.rdata,D:\Kozmin\jadrakostnienia2024\jadrakostnienia2024\087-236\done\voxelizedSurfaces.rdata,True
164,088-231,DATA_0,D:\Kozmin\jadrakostnienia2024\jadrakostnienia2024\088-231\done\088-231 _CT - Cropped.rdata,D:\Kozmin\jadrakostnienia2024\jadrakostnienia2024\088-231\done\voxelizedSurfaces.rdata,True
165,088-231,DATA_1,D:\Kozmin\jadrakostnienia2024\jadrakostnienia2024\088-231\done\088-231 _CT - Cropped_1.rdata,D:\Kozmin\jadrakostnienia2024\jadrakostnienia2024\088-231\done\voxelizedSurfaces.rdata,True
166,090-220,DATA_0,D:\Kozmin\jadrakostnienia2024\jadrakostnienia2024\090-220\done\090-220 _CT - Cropped.rdata,D:\Kozmin\jadrakostnienia2024\jadrakostnienia2024\090-220\done\voxelizedSurfaces.rdata,True
167,090-220,DATA_1,D:\Kozmin\jadrakostnienia2024\jadrakostnienia2024\090-220\done\090-220 _CT - Cropped_1.rdata,D:\Kozmin\jadrakostnienia2024\jadrakostnienia2024\090-220\done\voxelizedSurfaces.rdata,True
168,091-270,DATA_0,D:\Kozmin\jadrakostnienia2024\jadrakostnienia2024\091-270\done\091-270 _CT - Cropped.rdata,D:\Kozmin\jadrakostnienia2024\jadrakostnienia2024\091-270\done\voxelizedSurfaces.rdata,True
169,091-270,DATA_1,D:\Kozmin\jadrakostnienia2024\jadrakostnienia2024\091-270\done\091-270 _CT - Cropped_1.rdata,D:\Kozmin\jadrakostnienia2024\jadrakostnienia2024\091-270\done\voxelizedSurfaces.rdata,True
170,092M 23+3,DATA_0,D:\Kozmin\jadrakostnienia2024\jadrakostnienia2024\092M 23+3\done\092M-23+3 _CT - Cropped.rdata,D:\Kozmin\jadrakostnienia2024\jadrakostnienia2024\092M 23+3\done\voxelizedSurfaces.rdata,True
171,092M 23+3,DATA_1,D:\Kozmin\jadrakostnienia2024\jadrakostnienia2024\092M 23+3\done\092M-23+3 _CT - Cropped_1.rdata,D:\Kozmin\jadrakostnienia2024\jadrakostnienia2024\092M 23+3\done\voxelizedSurfaces.rdata,True
172,093-326,DATA_0,D:\Kozmin\jadrakostnienia2024\jadrakostnienia2024\093-326\done\093-326 _CT - Cropped.rdata,D:\Kozmin\jadrakostnienia2024\jadrakostnienia2024\093-326\done\voxelizedSurfaces.rdata,True
173,093-326,DATA_1,D:\Kozmin\jadrakostnienia2024\jadrakostnienia2024\093-326\done\093-326 _CT - Cropped_1.rdata,D:\Kozmin\jadrakostnienia2024\jadrakostnienia2024\093-326\done\voxelizedSurfaces.rdata,True
174,094-356,DATA_0,D:\Kozmin\jadrakostnienia2024\jadrakostnienia2024\094-356\done\094-356 _CT - Cropped_1.rdata,D:\Kozmin\jadrakostnienia2024\jadrakostnienia2024\094-356\done\voxelizedSurfaces.rdata,True
175,094-356,DATA_1,D:\Kozmin\jadrakostnienia2024\jadrakostnienia2024\094-356\done\094-356 _CT - Cropped.rdata,D:\Kozmin\jadrakostnienia2024\jadrakostnienia2024\094-356\done\voxelizedSurfaces.rdata,True
176,096F 20+5,DATA_0,D:\Kozmin\jadrakostnienia2024\jadrakostnienia2024\096F 20+5\done\096F-20+5 _CT - Cropped.rdata,D:\Kozmin\jadrakostnienia2024\jadrakostnienia2024\096F 20+5\done\voxelizedSurfaces.rdata,True
177,096F 20+5,DATA_1,D:\Kozmin\jadrakostnienia2024\jadrakostnienia2024\096F 20+5\done\096F-20+5 _CT - Cropped_1.rdata,D:\Kozmin\jadrakostnienia2024\jadrakostnienia2024\096F 20+5\done\voxelizedSurfaces.rdata,True
178,104-374,DATA_0,D:\Kozmin\jadrakostnienia2024\jadrakostnienia2024\104-374\done\104-374 _CT - Cropped.rdata,D:\Kozmin\jadrakostnienia2024\jadrakostnienia2024\104-374\done\voxelizedSurfaces.rdata,True
179,104-374,DATA_1,D:\Kozmin\jadrakostnienia2024\jadrakostnienia2024\104-374\done\104-374 _CT - Cropped_1.rdata,D:\Kozmin\jadrakostnienia2024\jadrakostnienia2024\104-374\done\voxelizedSurfaces.rdata,True
180,105-323,DATA_0,D:\Kozmin\jadrakostnienia2024\jadrakostnienia2024\105-323\data\105-323 _CT - Cropped_1.rdata,D:\Kozmin\jadrakostnienia2024\jadrakostnienia2024\105-323\done\voxelizedSurfaces.rdata,False
181,105-323,DATA_1,D:\Kozmin\jadrakostnienia2024\jadrakostnienia2024\105-323\data\105-323 _CT - Cropped_1.rdata,D:\Kozmin\jadrakostnienia2024\jadrakostnienia2024\105-323\done\voxelizedSurfaces.rdata,False
182,106-341,DATA_0,D:\Kozmin\jadrakostnienia2024\jadrakostnienia2024\106-341\done\106-341 _CT - Cropped.rdata,D:\Kozmin\jadrakostnienia2024\jadrakostnienia2024\106-341\done\voxelizedSurfaces.rdata,True
183,106-341,DATA_1,D:\Kozmin\jadrakostnienia2024\jadrakostnienia2024\106-341\done\106-341 _CT - Cropped_1.rdata,D:\Kozmin\jadrakostnienia2024\jadrakostnienia2024\106-341\done\voxelizedSurfaces.rdata,True
184,107M 19+2,DATA_0,D:\Kozmin\jadrakostnienia2024\jadrakostnienia2024\107M 19+2\done\107M-19+2 _CT - Cropped.rdata,D:\Kozmin\jadrakostnienia2024\jadrakostnienia2024\107M 19+2\done\voxelizedSurfaces.rdata,True
185,107M 19+2,DATA_1,D:\Kozmin\jadrakostnienia2024\jadrakostnienia2024\107M 19+2\done\107M-19+2 _CT - Cropped_1.rdata,D:\Kozmin\jadrakostnienia2024\jadrakostnienia2024\107M 19+2\done\voxelizedSurfaces.rdata,True
186,109M 21+3,DATA_0,D:\Kozmin\jadrakostnienia2024\jadrakostnienia2024\109M 21+3\done\109M-21+3 _CT - Cropped.rdata,D:\Kozmin\jadrakostnienia2024\jadrakostnienia2024\109M 21+3\done\voxelizedSurfaces.rdata,True
187,109M 21+3,DATA_1,D:\Kozmin\jadrakostnienia2024\jadrakostnienia2024\109M 21+3\done\109M-21+3 _CT - Cropped_1.rdata,D:\Kozmin\jadrakostnienia2024\jadrakostnienia2024\109M 21+3\done\voxelizedSurfaces.rdata,True
188,KAP 104,DATA_0,D:\Kozmin\jadrakostnienia2024\jadrakostnienia2024\KAP 104\done\KAP104_CT - Cropped.rdata,D:\Kozmin\jadrakostnienia2024\jadrakostnienia2024\KAP 104\done\voxelizedSurfaces.rdata,True
189,KAP 104,DATA_1,D:\Kozmin\jadrakostnienia2024\jadrakostnienia2024\KAP 104\done\KAP104_CT - Cropped_1.rdata,D:\Kozmin\jadrakostnienia2024\jadrakostnienia2024\KAP 104\done\voxelizedSurfaces.rdata,True
190,KAP 303,DATA_0,D:\Kozmin\jadrakostnienia2024\jadrakostnienia2024\KAP 303\done\KAP303_CT - Cropped.rdata,D:\Kozmin\jadrakostnienia2024\jadrakostnienia2024\KAP 303\done\voxelizedSurfaces.rdata,True
191,KAP 303,DATA_1,D:\Kozmin\jadrakostnienia2024\jadrakostnienia2024\KAP 303\done\KAP303_CT - Cropped_1.rdata,D:\Kozmin\jadrakostnienia2024\jadrakostnienia2024\KAP 303\done\voxelizedSurfaces.rdata,True
